{"cameraMode":{"drawMode":0,"name":"Shaded","section":"Shading Mode"},"sceneLighting":false,"audioPlay":false,"sceneViewState":{"showFog":true,"showMaterialUpdate":false,"showSkybox":false,"showFlares":true,"showImageEffects":true,"showParticleSystems":true},"in2DMode":false,"pivot":{"x":876.9240112304688,"y":662.0458984375,"z":-8.787841796875},"rotation":{"x":-0.010808998718857766,"y":-0.009901994839310646,"z":0.00010700418351916596,"w":-0.999893307685852},"size":452.67181396484377,"orthographic":false}